<?xml version="1.0" encoding="UTF-8" standalone="yes"?>
<addon id="script.epggrabber.cnn" name="CNN EPG Grabber" version="1.0.0" provider-name="topogoogles">
    <requires>
        <import addon="xbmc.python" version="3.0.0"/>
        <import addon="script.module.requests" version="2.22.0"/>
        <import addon="script.module.beautifulsoup4" version="4.6.2"/>
    </requires>
    <extension point="xbmc.python.script" library="default.py">
        <provides>executable</provides>
    </extension>
    <extension point="xbmc.addon.metadata">
        <summary lang="en_US">CNN EPG Grabber</summary>
        <description lang="en_US">Grabs EPG data for CNN US</description>
        <disclaimer lang="en_US"></disclaimer>
        <language>en</language>
        <platform>all</platform>
        <license>MIT</license>
        <forum></forum>
        <website></website>
        <email></email>
        <source></source>
    </extension>
</addon>